<?xml version="1.0" encoding="UTF-8" standalone="no" ?>
<!DOCTYPE function SYSTEM "cliffunction.dtd">
<function name = "adj" overload = "false">
<short>Adjugate of a multivector</short>
<long>
<para>
<code>y = adj(m)</code> computes the adjugate of a clifford multivector.</para>
    <para>
        This function operates elementwise on <code>m</code>, so if
        <code>m</code> is an array of
        multivectors, it computes the adjugate of
        each element of <code>m</code>, returned in <code>y</code>.
    </para>
        <para>
        The adjugate has the useful property that <code>m^-1 = adj(m)./det(m)</code>.
    </para>
</long>
<examples>
<precode>
TBI
</precode>
</examples>
<seealso>
<cliffun name = "det"/>
<matlabfun name = "poly"/>
</seealso>
<references>
    <reference>
    D. S. Shirokov, 'On computing the determinant, other characteristic
    polynomial coefficients, and inverse in Clifford algebras of arbitrary
    dimension', Computational and Applied Mathematics (2021) 40:173.
        <doi>10.1007/s40314-021-01536-0</doi>
    </reference>
</references>
</function>

<!-- $Id: adj.xml 341 2022-05-06 13:16:20Z sangwine $ -->