<?xml version="1.0" encoding="UTF-8" standalone="no" ?>
<!DOCTYPE function SYSTEM "cliffunction.dtd">
<function name = "bivector" overload = "false" applicable = "both">
<short>Extracts the bivector component of a multivector. The result may be empty.</short>
<long>
<para>
<code>bivector(x)</code> extracts the bivector component of a multivector <code>x</code>.
</para>
</long>
<examples>
<precode>
>> clifford_signature(2,2)
>> x = randm
 
x =
 
 - 0.0310 e0  
 + 0.3718 e1   + 0.3517 e2   + 0.3537 e3   + 0.1676 e4  
 - 0.3014 e12  + 0.1790 e13  + 0.4069 e14  + 0.1220 e23  + 0.2583 e24  + 0.1814 e34 
 - 0.0757 e123 + 0.0734 e124 - 0.1965 e134 + 0.2217 e234
 - 0.2863 e1234
 
>> bivector(x)
 
ans =
 
 - 0.3014 e12  + 0.1790 e13  + 0.4069 e14  + 0.1220 e23  + 0.2583 e24  + 0.1814 e34
 
>> clifford_signature(2,2)
>> x = clifford(1,2,3,4,5,6,7,8,9,10,11,12,13,14,15,16)
 
x =
 
   1.0000 e0  
 + 2.0000 e1   + 3.0000 e2   + 4.0000 e3   + 5.0000 e4  
 + 6.0000 e12  + 7.0000 e13  + 8.0000 e14  + 9.0000 e23  + 10.0000 e24  + 11.0000 e34 
 + 12.0000 e123 + 13.0000 e124 + 14.0000 e134 + 15.0000 e234
 + 16.0000 e1234

>> bivector(x)
 
ans =
 
   6.0000 e12  + 7.0000 e13  + 8.0000 e14  + 9.0000 e23  + 10.0000 e24  + 11.0000 e34 
</precode>
</examples>
<seealso>
<cliffun name = "even"/>
<cliffun name = "odd"/>
<cliffun name = "part"/>
<cliffun name = "scalar"/>
<cliffun name = "pseudoscalar"/>
</seealso>
<!--<references>
</references>-->
</function>

<!-- $Id: bivector.xml 359 2022-10-26 16:56:47Z sangwine $ -->