<?xml version="1.0" encoding="UTF-8" standalone="no" ?>
<!DOCTYPE function SYSTEM "cliffunction.dtd">
<function name = "cat" overload = "true">
<short>Concatenate arrays</short>
<syntax>r = cat(dim, varargin)</syntax>
<long>
<para>
<code>cat</code> concatenates arrays along a specified dimension, given by
<code>dim</code>. Clifford multivector arrays may be concatenated with non-clifford
arrays provided the non-clifford arrays are numeric. The non-clifford
arrays will be converted to clifford arrays by supplying a zero scalar
part.
</para>
</long>
<examples>
<precode>
>> clifford_signature(1,1)
>> m = cat(3, eye(2), randm(2))

m = 2x2x2 Cl(1,1) multivector array
>> show(m)
 
m =
 
e0 *
 
(:,:,1) =     1     0
              0     1

(:,:,2) =    0.1596    0.5461
            -0.3186   -0.8306

+ e1 *
 
(:,:,1) =     0     0
              0     0

(:,:,2) =    0.9027    0.7986
            -0.7477    0.4027

+ e2 *
 
(:,:,1) =     0     0
              0     0

(:,:,2) =   -0.0590   -0.1379
            -0.1306   -0.1849

+ e12 *
 
(:,:,1) =     0     0
              0     0

(:,:,2) =    0.3953   -0.2121
            -0.5678    0.3372
</precode>
</examples>
<seealso>
<matlabfun name = "cat"/>
</seealso>
</function>

<!--$Id: cat.xml 340 2022-05-04 21:21:11Z sangwine $-->
