<?xml version="1.0" encoding="UTF-8" standalone="no" ?>
<!DOCTYPE function SYSTEM "cliffunction.dtd">
<function name = "clifford_representation" overload = "false">
<short>Constructs a matrix representation of the current Clifford Algebra.</short>
<long>
<para>
<code>C = clifford_representation</code> constructs a matrix representation
    of the current Clifford algebra.
</para>
    <para>
        The result is a cell array of length N containing matrices of size
        M = 2^N, in lexical order, each matrix being the matrix representation
        of the corresponding basis element of the algebra.
    </para>
</long>
<references>
    <reference>
    Martin Roelfs and Steven De Keninck,
    'Graded Symmetry Groups: Plane and Simple',
    arXiv:2107.03771, 8 July 2021.
    </reference>
</references>
</function>

<!-- $Id: clifford_representation.xml 312 2022-02-19 20:31:43Z sangwine $ -->