<?xml version="1.0" encoding="UTF-8" standalone="no" ?>
<!DOCTYPE function SYSTEM "cliffunction.dtd">
<function name = "complex_conjugate" overload = "false">
<short>Computes the complex conjugate of a multivector.</short>
<long>
<para>
<code>complex_conjugate(x)</code> computes the complex conjugate of a multivector,
that is by taking the complex conjugate of each non-empty coefficient.
    Applied to real multivectors it will have no effect.
    This function
    is not the same as the <code>conj</code> function which computes a
    Clifford conjugate.
</para>
</long>
<examples>
<precode>
>> clifford_signature(0,2)
>> m = complex(randm, randm)

m = ( 0.6597 + 0.3532i) e0
    (-0.4040 - 0.7450i) e1 + (-0.4576 + 0.4237i) e2
    ( 0.4384 - 0.3752i) e12
>> n = complex_conjugate(m)

n = ( 0.6597 - 0.3532i) e0
    (-0.4040 + 0.7450i) e1 + (-0.4576 - 0.4237i) e2
    ( 0.4384 + 0.3752i) e12
</precode>
</examples>
<seealso>
<cliffun name = "conj"/>
</seealso>
</function>

<!-- $Id: complex_conjugate.xml 372 2023-01-10 15:27:49Z sangwine $ -->