<?xml version="1.0" encoding="UTF-8" standalone="no" ?>
<!DOCTYPE function SYSTEM "cliffunction.dtd">
<function name = "conformal_signature" overload = "false" applicable = "conformal">
<short>Initialises a Conformal Geometric Algebra.</short>
<long>
<para>
    <code>conformal_signature(p,q,λ,eostr,eistr,Estr)</code>
    initalises the signature of a
Conformal Geometric Algebra to be used. It must be called to initialise an algebra
before any other conformal multivector function can be called successfully.
It accepts 0, 2, 3, 6, or 7 parameters. The first two must be non-negative integers,
and they represent the number
of basis vectors in the algebra that square to +1, -1 respectively.
The third parameter (λ) must be a scalar numeric value. It defaults to 1.
The remaining parameters must be character strings in Unicode giving the
    desired displayed representation of the origin and infinity vectors,
    and their bivector product.
    These default to eo, e∞, and E respectively.
</para>
    <para>
        If called without parameters this function outputs a summary of the
        current conformal geometric algebra if one has been initialised.
    </para>
    <para>
        The function can also be called with one output parameter and zero
        input parameters. In this case it returns a 2-element row vector
        containing the signature of the current algebra (in the same order
        as the first two input parameters described above).
    </para>
    <para>
Since a Clifford algebra is required to provide the underlying computation,
        this function also calls <code>clifford_signature</code> to initialise
        the correct Clifford algebra.
    </para>
</long>
<examples>
<precode>
>> conformal_signature(3,0)
Initialising conformal signature (3,0)
Initialising Clifford  signature (4,1)
>> conformal_signature
Conformal algebra (3,0)
λ value:  1
Origin:   eo
Infinity: e∞
Bivector: E
Current Clifford algebra signature (4,1,0) is correct for this conformal algebra
Origin   expressed as clifford multivector:  - 0.7071 e4    + 0.7071 e5   
Infinity expressed as clifford multivector:    0.7071 e4    + 0.7071 e5   
Bivector expressed as clifford multivector:    1.0000 e45 
</precode>
</examples>
<seealso>
<cliffun name = "clifford_signature"/>
</seealso>
<!--<references>
</references>-->
</function>

<!-- $Id: conformal_signature.xml 359 2022-10-26 16:56:47Z sangwine $ -->