<?xml version="1.0" encoding="UTF-8" standalone="no" ?>
<!DOCTYPE function SYSTEM "cliffunction.dtd">
<function name = "conformal_point" overload = "false" applicable = "conformal">
<short>Construct one or more conformal points</short>
<long>
<para>
    <code>conformal_point(x, y, z, ...)</code> constructs conformal point(s)
    from the supplied coordinates, which must be numeric, matching in size
    and numeric class. The number of parameters supplied must match the
    dimensionality of the current conformal algebra.
</para>
</long>
<examples>
<precode>
>> conformal_signature(3,0)
Initialising conformal signature (3,0)
Initialising Clifford  signature (4,1)
>> P = conformal_point(1,2,3)

P = 

        1.0000 e1    + 2.0000 e2    + 3.0000 e3   
  + (   7.0000 e0   ) * e∞
  + (   1.0000 e0   ) * eo
  + (   0.0000 e0   ) * E
</precode>
</examples>
<!--seealso>
</seealso>-->
<!--<references>
</references>-->
</function>

<!-- $Id: conformal_point.xml 362 2022-11-01 15:17:59Z sangwine $ -->