<?xml version="1.0" encoding="UTF-8" standalone="no" ?>
<!DOCTYPE function SYSTEM "cliffunction.dtd">
<function name = "conformal" overload = "false" applicable = "conformal">
<short>Constructor function for conformal multivectors</short>
<long>
<para>
    <code>conformal(m)</code> constructs a conformal multivector, given a
    Clifford multivector or a numeric value.
</para>
<para>
This function is provided mainly for internal use within the toolbox.
</para>
</long>
<examples>
<precode>
>> conformal(e1)

ans = 

        1.0000 e1   
  + (   0.0000 e0   ) * e∞
  + (   0.0000 e0   ) * eo
  + (   0.0000 e0   ) * E
</precode>
</examples>
<!--seealso>
</seealso>-->
<!--<references>
</references>-->
</function>

<!-- $Id: conformal.xml 363 2022-11-01 15:25:26Z sangwine $ -->