<?xml version="1.0" encoding="UTF-8" standalone="no" ?>
<!DOCTYPE function SYSTEM "cliffunction.dtd">
<function name = "delta_conjugate" overload = "false">
<short>Computes the Delta conjugate of a clifford multivector.</short>
<long>
<para>
<code>delta_conjugate(x, k)</code> computes a generalised conjugate of a
    multivector <code>x</code>. The second parameter must be a non-zero
    positive integer up to 5. It controls which conjugate is computed. k=1
    corresponds to the grade involution, k=2 to the reverse.
</para>
</long>
<examples>
<precode>
>> cd(clifford_root)
>> clifford_signature(2,1)
>> m = e0 + e1 + e2 + e3 + e12 + e13 + e23 + e123

m = 

   1.0000 e0 
 + 1.0000 e1  + 1.0000 e2  + 1.0000 e3 
 + 1.0000 e12 + 1.0000 e13 + 1.0000 e23
 + 1.0000 e123
>> delta_conjugate(m, 1)

ans = 

   1.0000 e0 
 - 1.0000 e1  - 1.0000 e2  - 1.0000 e3 
 + 1.0000 e12 + 1.0000 e13 + 1.0000 e23
 - 1.0000 e123

>> delta_conjugate(m, 2) == reverse(m)

ans = logical

   1
</precode>
</examples>
<seealso>
<cliffun name = "conj"/>
<cliffun name = "clifford_conjugate"/>
<cliffun name = "grade_involution"/>
<cliffun name = "reverse"/>
<cliffun name = "dual"/>
<cliffun name = "even"/>
<cliffun name = "odd"/>
</seealso>
<references>
    <reference>
    D. S. Shirokov, 'On computing the determinant, other characteristic
    polynomial coefficients, and inverse in Clifford algebras of arbitrary
    dimension', Computational and Applied Mathematics (2021) 40:173.
        <doi>10.1007/s40314-021-01536-0</doi>
    </reference>
</references>
</function>

<!-- $Id: delta_conjugate.xml 337 2022-04-29 19:57:13Z sangwine $ -->