<?xml version="1.0" encoding="UTF-8" standalone="no" ?>
<!DOCTYPE function SYSTEM "cliffunction.dtd">
<function name = "disp" overload = "both">
<short>Display array</short>
<long>
<para>
<code>disp(x)</code> displays the value of the argument, <code>x</code>.
    This function is called by &matlab; whenever a value is to be output to
    the command window,
    for example as the result of evaluating an assignment which is not terminated
    with a semicolon. If the value has dimension 1-by-1, the numerical values
    are output, but if not, a description is output indicating the dimensions,
    with various qualifiers, such as single/complex/sparse, as appropriate.
    If you want to see the numerical values in the latter case, use <code>show</code>.
</para>
    <para>
        The function produces different output for the cases of Clifford and
        conformal multivectors (using two different overloaded functions).
    </para>
</long>
<examples>
For example if you had previously created values x and y:
<precode>
>> disp(x)
 - 0.9401 e0
 - 0.2775 e1 - 0.0973 e2
 + 0.1723 e12
>> disp(y)
 - 0.1855 e0
 + 0.3149 e1 + 0.2783 e2
 - 0.8882 e12
>> clifford_signature(1,1)
>> x = randm(2)
 
x =
 
     2x2 Cl(1,1) multivector array
 
>> disp(x)
     2x2 Cl(1,1) multivector array
</precode>
</examples>
<seealso>
<matlabfun name = "disp"/>
<cliffun name = "show"/>
<cliffun name = "dump"/>
</seealso>
<!--<references>
</references>-->
</function>

<!-- $Id: disp.xml 359 2022-10-26 16:56:47Z sangwine $ -->