<?xml version="1.0" encoding="UTF-8" standalone="no" ?>
<!DOCTYPE function SYSTEM "cliffunction.dtd">
<function name = "expm" overload = "true">
<short>Matrix exponential</short>
<syntax>Y = expm(X)</syntax>
<long>
<para>
<code>expm(X)</code> computes the matrix exponential for a multivector matrix.
The algorithm used is based on calling the &matlab; <code>expm</code> function
on an isomorphic matrix, and is therefore not accurate for larger matrices.
The accuracy may be checked using the <code>logm</code> function which
computes the inverse of the matrix exponential and should therefore yield a
result of <code>X</code> to within rounding error.
</para>
</long>
<seealso>
<matlabfun name = "expm"/>
<cliffun name = "logm"/>
<cliffun name = "iso"/>
</seealso>
</function>

<!--$Id: expm.xml 270 2021-07-11 19:42:06Z sangwine $-->
