<?xml version="1.0" encoding="UTF-8" standalone="no" ?>
<!DOCTYPE function SYSTEM "cliffunction.dtd">
<function name = "full" overload = "true">
<short>Convert sparse matrix to full matrix</short>
<syntax>b = full(m)</syntax>
<long>
<para>
<code>full</code> converts a sparse matrix to a full matrix.
This function was originally provided because the &matlab;
<code>trace</code> function calls it,
and otherwise <code>trace</code> would not work.
However, it is one of several &matlab; functions overloaded for multivectors
so that the toolbox can handle multivectors with sparse matrices as
    coefficients.
If the matrix is already a full matrix, the function has no effect.
</para>
</long>
<seealso>
<cliffun name = "sparse"/>
<matlabfun name = "full"/>
</seealso>
</function>

<!--$Id: full.xml 316 2022-03-04 18:16:42Z sangwine $-->
