<?xml version="1.0" encoding="UTF-8" standalone="no" ?>
<!DOCTYPE function SYSTEM "cliffunction.dtd">
<function name = "funmv" overload = "false">
<short>Evaluate an arbitrary function with a multivector argument</short>
<long>
<para>
    <code>Y = funmv(X, @fun)</code> (where <code>@fun</code> is a function
    handle to a suitable function that evaluates the mathematical function
    <italic>f(x)</italic>) evaluates that function with the multivector
    argument <code>X</code> (which may be an array of multivectors, in which
    case the function is applied elementwise to each element of <code>X</code>).
</para>
<para>
    The function <code>fun</code> should support the parameter profile
    <code>fun(x, k)</code> where <code>k</code> is a positive integer.
    If <code>k</code> is omitted, the function should return <italic>f(x)</italic>.
    If <code>k</code> is supplied,
    the function should return the <italic>k-th</italic> derivative of
    <italic>f</italic> evaluated at <italic>x</italic>. (The derivatives are
    not always needed, so a function that does not implement the second
    parameter <code>k</code> may work in some cases where the eigenvalues
    of the characteristic function are distinct.)
</para>
<para>
    Using this function, the 12 trigonometric functions <code>sin</code>,
    <code>cos</code>, <code>tan</code> and their hyperbolic equivalents
    suffixed with <code>h</code>, and their 6 inverses prefixed with an
    <code>a</code> are implemented as one-liners in the Clifford classdef
    file. They depend on derivatives coded into local functions in the
    <code>funmv.m</code> file.
</para>
<para>
This function should work for any function <code>fun</code> which can
be expressed as a finite power series.
The computation is based on the characteristic polynomial of <code>X</code>
and the roots of this polynomial which are the eigenvalues of the multivector.
(The eigenvalues are the same as the eigenvalues of an isomorphic matrix,
computed, for example, with the <code>iso</code> function in this toolbox.)
</para>
</long>
<examples>
In the first example below, the function <code>exp</code> was implemented
already in the toolbox, so we can compare the result from the existing
function with the result from the function <code>funmv</code>.
<precode>
>> clifford_signature(2,1)
>> A = randm

A =   0.1057 e0 
    - 0.3486 e1  - 0.6327 e2  + 0.3322 e3 
    + 0.1471 e12 + 0.2450 e13 + 0.4831 e23
    + 0.2041 e123

>> B = funmv(A, @exp)

B =   1.5543 e0 
    - 0.3129 e1  - 0.8704 e2  + 0.3828 e3 
    + 0.0974 e12 + 0.4821 e13 + 0.5202 e23
    + 0.3560 e123

>> exp(A)    (Using the exponential function itself, rather than funmv).

ans =    1.5543 e0 
       - 0.3129 e1  - 0.8704 e2  + 0.3828 e3 
       + 0.0974 e12 + 0.4821 e13 + 0.5202 e23
       + 0.3560 e123

>> B = funmv(A, @atan)

B =   0.0589 e0 
    - 0.2980 e1  - 0.5115 e2  + 0.2758 e3 
    + 0.1291 e12 + 0.1840 e13 + 0.4046 e23
    + 0.1199 e123
 
>> C = funmv(B, @tan)

C =   0.1057 e0 
    - 0.3486 e1  - 0.6327 e2  + 0.3322 e3 
    + 0.1471 e12 + 0.2450 e13 + 0.4831 e23
    + 0.2041 e123

>> A - C

ans = - 0.0000 e0 
      - 0.0000 e1  + 0.0000 e2 
      + 0.0000 e12 - 0.0000 e13 + 0.0000 e23
      + 0.0000 e123

>> abs(ans)

ans =  6.0109e-16   (Showing that tan(atan(A)) equals A)
</precode>
</examples>
<seealso>
<matlabfun name = "funm"/>
<cliffun name = "poly"/>
</seealso>
<references>
    <reference>
    D. S. Shirokov, 'On computing the determinant, other characteristic
    polynomial coefficients, and inverse in Clifford algebras of arbitrary
    dimension', Computational and Applied Mathematics (2021) 40:173.
        <doi>10.1007/s40314-021-01536-0</doi>
    </reference>
    <reference>
    Acus, A. and Dargys, A., 'The characteristic polynomial in calculation
        of exponential and elementary functions in Clifford algebras',
        Math. Meth. Appl. Sci. (2023), pp. 1–15, <doi>10.1002/mma.9524</doi>.
        See also Preprint arxiv:2205.11984, 24 May 2022.
    </reference>
</references>
</function>

<!-- $Id: funmv.xml 392 2024-02-09 15:14:06Z sangwine $ -->