<?xml version="1.0" encoding="UTF-8" standalone="no" ?>
<!DOCTYPE function SYSTEM "cliffunction.dtd">
<function name = "get_signature" overload = "false">
<short>Returns the signature of a multivector.</short>
<long>
<para>
<code>get_signature(x)</code> returns the Clifford signature of the multivector argument <code>x</code>.
</para>
</long>
<examples>
<precode>
>> x = randm
 
x =
 
   0.3540 e0
 + 0.6497 e1 - 0.5681 e2
 - 0.3603 e12
 
>> get_signature(x)

ans =

      1      1      0

>> clifford_signature(2,2)
>> y = randm
 
y =
 
   0.4060 e0  
 - 0.4531 e1   + 0.4473 e2   + 0.0677 e3   + 0.2006 e4  
 - 0.3339 e12  - 0.1184 e13  - 0.0558 e14  + 0.0848 e23  - 0.3351 e24  + 0.0946 e34 
 - 0.2433 e123 + 0.0133 e124 + 0.1309 e134 + 0.0656 e234
 + 0.2172 e1234
 
>> get_signature(y)

ans =

      2      2      0

</precode>
</examples>
<seealso>
<cliffun name = "dump"/>
<cliffun name = "clifford_signature"/>
<cliffun name = "check_signature"/>
</seealso>
<!--<references>
</references>-->
</function>

<!-- $Id: get_signature.xml 359 2022-10-26 16:56:47Z sangwine $ -->