<?xml version="1.0" encoding="UTF-8" standalone="no" ?>
<!DOCTYPE function SYSTEM "cliffunction.dtd">
<function name = "Hyperbolic functions" overload = "true">
<short>Hyperbolic functions</short>
<syntax>Y = sinh(X); Y = cosh(X); Y = tanh(X); Y = asinh(X); Y = acosh(X); Y = atanh(X);</syntax>
<long>
<para>
<code>sinh(X)</code> computes the hyperbolic sine of each element of its multivector argument,
and similarly, the hyperbolic cosine and tangent functions, and the three inverse functions
are implemented using the same names as the corresponding &matlab; functions.
</para>
<para>
These functions are implemented using a general technique based on
characteristic polynomials. See the Clifford function <code>funmv</code>
for details.
</para>
</long>
<seealso>
<matlabfun name = "sinh"/>
<matlabfun name = "cosh"/>
<matlabfun name = "tanh"/>
<matlabfun name = "asinh"/>
<matlabfun name = "acosh"/>
<matlabfun name = "atanh"/>
<cliffun   name = "funmv"/>
</seealso>
</function>

<!--$Id$-->
