<?xml version="1.0" encoding="UTF-8" standalone="no" ?>
<!DOCTYPE function SYSTEM "cliffunction.dtd">
<function name = "isexplicit" overload = "false">
<short>True for a clifford multivector without empty components.
 This means that every component of the multivector contains a numeric
 array, none is empty.</short>
<long>
<para>
<code>isexplicit(x)</code> checks that the multivector, <code>x</code>,
has no empty components.
</para>
</long>
<examples>
<precode>
>> x = randm
 
x =
 
   0.2018 e0
 - 0.3179 e1 - 0.5535 e2
 - 0.7429 e12
 
>> isexplicit(x)

ans =

     1

>> y = bivector(x)
 
y =
 
 - 0.7429 e12
 
>> isexplicit(y)

ans =

     0
</precode>
</examples>
<seealso>
<matlabfun name = "isempty"/>
<cliffun name = "empty"/>
<cliffun name = "numel"/>
<cliffun name = "length"/>
</seealso>
<!--<references>
</references>-->
</function>

<!-- $Id: isexplicit.xml 359 2022-10-26 16:56:47Z sangwine $ -->