<?xml version="1.0" encoding="UTF-8" standalone="no" ?>
<!DOCTYPE function SYSTEM "cliffunction.dtd">
<function name = "isfinite" overload = "true">
<short>True for a (clifford) array with no NaNs or infinities</short>
<long>
<para>
<code>isfinite(x)</code> checks that all elements of a Clifford array 
are finite values (that is not NaN or infinity)
    and then returns logical true or false (1 or 0).
</para>
</long>
<seealso>
<matlabfun name = "isfinite"/>
</seealso>
<!--<references>
</references>-->
</function>

<!-- $Id: isfinite.xml 377 2023-07-26 09:32:07Z sangwine $ -->