<?xml version="1.0" encoding="UTF-8" standalone="no" ?>
<!DOCTYPE function SYSTEM "cliffunction.dtd">
<function name = "isinf" overload = "true">
<short>Multivector array elements containing Infs</short>
<syntax>TF = isinf(X)</syntax>
<long>
<para>
<code>isinf(X)</code> returns a logical array the same size as <code>X</code>
with a logical 1 (<code>true</code>) at the position of any array
elements where the multivector value contains at least one
<code>Inf</code> (infinity) value somewhere in the multivector coefficients.
</para>
</long>
<seealso>
<matlabfun name = "isinf"/>
</seealso>
</function>

<!--$Id: isinf.xml 325 2022-04-11 20:24:45Z sangwine $-->