<?xml version="1.0" encoding="UTF-8" standalone="no" ?>
<!DOCTYPE function SYSTEM "cliffunction.dtd">
<function name = "isnan" overload = "true">
<short>Multivector array elements containing NaNs</short>
<syntax>TF = isnan(X)</syntax>
<long>
<para>
<code>isnan(X)</code> returns a logical array the same size as <code>X</code>
with a logical 1 (<code>true</code>) at the position of any array
elements where the multivector value contains at least one
<code>NaN</code> value somewhere in the multivector coefficients.
</para>
</long>
<seealso>
<matlabfun name = "isnan"/>
</seealso>
</function>

<!--$Id: isnan.xml 325 2022-04-11 20:24:45Z sangwine $-->