<?xml version="1.0" encoding="UTF-8" standalone="no" ?>
<!DOCTYPE function SYSTEM "cliffunction.dtd">
<function name = "isom" overload = "false">
<short>Convert multivector array to real/complex isomorphic array.</short>
<long>
<para>
<code>isom(m)</code> maps the multivector array <code>m</code> to an array of
    reals (or complex values if the coefficients of the multivector were complex).
    On return the current Clifford algebra remains that of <code>m</code>.
</para>
    <para>
        Each multivector within <code>m</code> is represented by a block within
        the output array.
    </para>
    <para>
        The returned array may be a full or sparse array (that is the coefficients
        of the multivector array may be represented by either full or sparse
        real or complex matrices, dependent on the dimension of the algebra
        and the number of non-zero elements).
    </para>
<para>
This function produces a unique matrix representation such that the first
    column (or first column within a block representing a multivector)
    contains the elements of the multivector in lexical order.
    The inverse of this function is provided by <code>miso</code> (q.v.).
</para>
</long>
<examples>
<precode>
>> clifford_signature(0,2)
>> m = randm

m = 

   0.0883 e0
 + 0.4358 e1 + 0.4858 e2
 + 0.7525 e12
>> M = isom(m)

M =

    0.0883   -0.4358   -0.4858   -0.7525
    0.4358    0.0883   -0.7525    0.4858
    0.4858    0.7525    0.0883   -0.4358
    0.7525   -0.4858    0.4358    0.0883
</precode>
</examples>
    <seealso>
        <cliffun name = 'miso'/>
        <cliffun name = 'iso'/>
    </seealso>
    <references>
<reference>
Martin Roelfs and Steven De Keninck,
'Graded Symmetry Groups: Plane and Simple',
arXiv:2107.03771, 8 July 2021.
</reference>
</references>
</function>

<!-- $Id: isom.xml 329 2022-04-19 20:56:02Z sangwine $ -->