<?xml version="1.0" encoding="UTF-8" standalone="no" ?>
<!DOCTYPE function SYSTEM "cliffunction.dtd">
<function name = "issparse" overload = "true">
<short>True for a clifford multivector with (any) sparse components.</short>
<long>
<para>
<code>issparse(x)</code> checks whether the multivector, <code>x</code>,
has any components which are sparse matrices.
</para>
</long>
<seealso>
<cliffun name = "full"/>
<cliffun name = "sparse"/>
<matlabfun name = "issparse"/>
</seealso>
<!--<references>
</references>-->
</function>

<!-- $Id: issparse.xml 354 2022-10-18 20:29:37Z sangwine $ -->