<?xml version="1.0" encoding="UTF-8" standalone="no" ?>
<!DOCTYPE function SYSTEM "cliffunction.dtd">
<function name = "left_contraction" overload = "false">
<short>Computes the left contraction of two multivectors.</short>
<long>
<para>
<code>left_contraction(x,y)</code> computes the left contraction of 
two multivectors, <code>x</code> and <code>y</code>. This is a generalisation
of the inner product of vectors. "In general the left contraction (symbol ⌋) of a k-vector Ak =
‹A›k with a l-vector Bl = ‹B›l
is defined as
Ak⌋Bl = ‹AkBl›(l−k)"[1]
</para>
</long>
<examples>
<precode>
>> clifford_signature(3,0)
>> x = e1 + e2
 
x =
 
   1.0000 e1  + 1.0000 e2 
 
>> y = e123
 
y =
 
   1.0000 e123
 
>> left_contraction(x,y)
 
ans =
 
 - 1.0000 e13 + 1.0000 e23
 
>> left_contraction(y,x)
 
ans =
 
   0.0000 e0 
 
>> left_contraction(x,x)
 
ans =
 
   2.0000 e0 
</precode>
</examples>
<seealso>
<cliffun name = "right_contraction"/>
</seealso>
<references>
<reference>
<bold>Eckhard Hitzer</bold>, <italic>Introduction to Clifford's Geometric Algebra</italic>, 
Journal of the Society of Instrument and Control Engineers, Vol. 51, No. 4, pp. 338-350, April 2012, (April 2012), 
page 4, equation 44 <www>http://arxiv.org/pdf/1306.1660.pdf</www>
</reference>
</references>
</function>

<!-- $Id: left_contraction.xml 359 2022-10-26 16:56:47Z sangwine $ -->