<?xml version="1.0" encoding="UTF-8" standalone="no" ?>
<!DOCTYPE function SYSTEM "cliffunction.dtd">
<function name = "length" overload = "true">
<short>Length of vector or length of longest array dimension.</short>
<long>
<para>
<code>length(x)</code> returns the value of the length of the argument, <code>x</code>.
</para>
</long>
<examples>
<precode>
>> clifford_signature(1,1)
>> x = randm
 
x =
 
 - 0.1164 e0
 - 0.0734 e1 - 0.6395 e2
 - 0.7563 e12
 
>> length(x)

ans =

     1

>> y = randm(2,3)
 
y =
 
     2x3 Cl(1,1) multivector array
 
>> length(y)

ans =

     3
</precode>
</examples>
<seealso>
<matlabfun name = "length"/>
</seealso>
<!--<references>
</references>-->
</function>

<!-- $Id: length.xml 359 2022-10-26 16:56:47Z sangwine $ -->