<?xml version="1.0" encoding="UTF-8" standalone="no" ?>
<!DOCTYPE function SYSTEM "cliffunction.dtd">
<function name = "logm" overload = "true">
<short>Matrix logarithm</short>
<syntax>X = logm(Y)</syntax>
<long>
<para>
<code>logm(X)</code> computes the matrix logarithm of a multivector matrix.
The algorithm used is based on calling the &matlab; <code>logm</code> function
on an isomorphic matrix, and is therefore not accurate for larger matrices.
It may also fail for some multivector matrices.
The accuracy may be checked using the <code>expm</code> function.
</para>
</long>
<seealso>
<matlabfun name = "logm"/>
<cliffun name = "expm"/>
<cliffun name = "iso"/>
</seealso>
</function>

<!--$Id: logm.xml 270 2021-07-11 19:42:06Z sangwine $-->
