<?xml version="1.0" encoding="UTF-8" standalone="no" ?>
<!DOCTYPE function SYSTEM "cliffunction.dtd">
<function name = "minpoly" overload = "true">
<short>Coefficients of the minimal polynomial of a multivector</short>
<long>
<para>
<code>p = minpoly(m)</code> computes the coefficients of the minimal
polynomial of a clifford multivector.
</para>
    <para>
        This function operates elementwise on <code>m</code>, so if
        <code>m</code> is an array of
        multivectors, it computes the minimal polynomial coefficients of
        each element of <code>m</code>, returned in <code>p</code>.
        The results should be read along the last
        dimension (the preceding dimensions match those of the input multivector
        array). In particular, this means that the outputs will be row vectors in
        the case where the input was a 1-by-1 multivector.
    </para>
</long>
<examples>
<precode>
>> clifford_signature(0,2)
>> minpoly(e0 + 2 .* e1)

ans = 1.0000   -2.0000    5.0000

>> poly(e0 + 2 .* e1)

ans =  1    -2     5

>> minpoly(randm)

ans = 1.0000    0.5838    1.0000
</precode>
</examples>
<seealso>
<cliffun name = "det"/>
<cliffun name = "adj"/>
<cliffun name = "poly"/>
<matlabfun name = "minpoly"/>
</seealso>
<references>
    <reference>
Acus, A. and Dargys, A., 'The characteristic polynomial in calculation of
exponential and elementary functions in Clifford algebras',
        <italic>Math. Meth. Appl. Sci.</italic> (2023), pp. 1–15, <doi>10.1002/mma.9524</doi>.
See also arxiv:2205.11984.
    </reference>
</references>
</function>

<!-- $Id: minpoly.xml 384 2024-01-13 20:27:53Z sangwine $ -->