<?xml version="1.0" encoding="UTF-8" standalone="no" ?>
<!DOCTYPE function SYSTEM "cliffunction.dtd">
<function name = "miso" overload = "false">
<short>Convert real/complex array to isomorphic multivector array.</short>
<long>
<para>
<code>miso(m)</code> maps the real/complex array <code>m</code> to an array of
    multivectors. It is the inverse of the function <code>isom</code> (q.v.).
</para>
    <para>
        If the real/complex array <code>m</code> is not a valid representation
        of a multivector array, a warning is output, but a multivector result
        will be returned nevertheless.
    </para>
    <para>
        The input array may be a full or sparse array.
    </para>
</long>
<examples>
<precode>
>> M

M =

    0.0883   -0.4358   -0.4858   -0.7525
    0.4358    0.0883   -0.7525    0.4858
    0.4858    0.7525    0.0883   -0.4358
    0.7525   -0.4858    0.4358    0.0883

>> m = miso(M)

m = 

   0.0883 e0
 + 0.4358 e1 + 0.4858 e2
 + 0.7525 e12
</precode>
</examples>
    <seealso>
        <cliffun name = 'isom'/>
        <cliffun name = 'iso'/>
    </seealso>
    <references>
<reference>
Martin Roelfs and Steven De Keninck,
'Graded Symmetry Groups: Plane and Simple',
arXiv:2107.03771, 8 July 2021.
</reference>
</references>
</function>

<!-- $Id: miso.xml 329 2022-04-19 20:56:02Z sangwine $ -->