<?xml version="1.0" encoding="UTF-8" standalone="no" ?>
<!DOCTYPE function SYSTEM "cliffunction.dtd">
<function name = "mpower" overload = "true">
<short>^ Matrix power.</short>
<long>
<para>
<code>mpower(x,y)</code> raises matrix <code>x</code> to the power <code>y</code>.
</para>
    <para>
    If both parameters are scalar, the <code>.^</code> (power)
    function is called. Otherwise, for real integer <code>Y</code> (including
    negative integers), multivector matrices are raised to the given power.
    This is done by repeated squaring. For non-integer <code>Y</code>, a
    matrix logarithm/exponential formula is used. CAUTION, this may not
    give correct results in all cases.
</para>
</long>
<examples>
<precode>
>> clifford_signature(1,1)
>> y = [3*e1,0;0,2*e12]
 
y =
 
     2x2 Cl(1,1) multivector array
	 
>> show(y)
 
y =
 
e0 *
 
     0     0
     0     0

+ e1 *
 
     3     0
     0     0

+ e12 *
 
     0     0
     0     2
 
>> mpower(y,2)
 
ans =
 
     2x2 Cl(1,1) multivector array
 
>> show(ans)
 
ans =
 
e0 *
 
     9     0
     0     4

>> mpower(y,3)
 
ans =
 
     2x2 Cl(1,1) multivector array
 
>> show(ans)
 
ans =
 
e1 *
 
    27     0
     0     0

+ e12 *
 
     0     0
     0     8
</precode>
</examples>
<seealso>
<matlabfun name = "mpower"/>
<cliffun name = "inv"/>
<cliffun name = "power"/>
</seealso>
<!--<references>
</references>-->
</function>

<!-- $Id: mpower.xml 370 2022-12-29 21:05:21Z sangwine $ -->