<?xml version="1.0" encoding="UTF-8" standalone="no" ?>
<!DOCTYPE function SYSTEM "cliffunction.dtd">
<function name = "poly" overload = "true">
<short>Coefficients of the characteristic polynomial of a multivector</short>
<long>
<para>
<code>[p, u] = poly(m)</code> computes the coefficients of the characteristic
polynomial of a clifford multivector, and the multivectors that were used to
    compute them (for the uses of these latter, see the <code>det</code> and
    <code>adj</code> functions, and the paper referenced below).</para>
    <para>
        This function operates elementwise on <code>m</code>, so if
        <code>m</code> is an array of
        multivectors, it computes the characteristic polynomial coefficients of
        each element of <code>m</code>, returned in <code>p</code>.
        The second output is the corresponding
        array of multivectors which are computed in order to find the polynomial
        coefficients. The results should be read along the last
        dimension (the preceding dimensions match those of the input multivector
        array). In particular, this means that the outputs will be row vectors in
        the case where the input was a 1-by-1 multivector.
    </para>
</long>
<examples>
<precode>
>> clifford_signature(0,2)
>> m = randm

m =  - 0.0090 e0
     - 0.7146 e1 - 0.5910 e2
     + 0.3742 e12

>> [p, u] = poly(m)

p = -0.0179   -1.0000


u = 1x3 Cl(0,2) multivector row vector
</precode>
</examples>
<seealso>
<cliffun name = "det"/>
<cliffun name = "adj"/>
<cliffun name = "minpoly"/>
<matlabfun name = "poly"/>
</seealso>
<references>
    <reference>
    D. S. Shirokov, 'On computing the determinant, other characteristic
    polynomial coefficients, and inverse in Clifford algebras of arbitrary
    dimension', Computational and Applied Mathematics (2021) 40:173.
        <doi>10.1007/s40314-021-01536-0</doi>
    </reference>
</references>
</function>

<!-- $Id: poly.xml 388 2024-02-08 20:54:27Z sangwine $ -->