<?xml version="1.0" encoding="UTF-8" standalone="no" ?>
<!DOCTYPE function SYSTEM "cliffunction.dtd">
<function name = "power" overload = "true">
<short>.^   Array power.</short>
<long>
<para>
<code>X .^ Y</code> raises the multivector <code>X</code> to the
power <code>Y</code>, elementwise.
</para>
<para>
The general case is handled using logarithms, but certain special
cases of the right parameter are computed using more direct formulae
for greater speed and accuracy. In particular, for real integer scalar values
of <code>Y</code>, repeated squaring is used, rather than the general
case code, for greater accuracy. This also applies if the left parameter is
a single multivector, and the exponent is a row or column vector of non-negative
integer exponents.
</para>
<para>
    The special case of <code>Y == -1</code> is handled by code developed
    by the authors, and by Acus and Dargy, for computing multivector inverses.
    This code is also
    employed when computing other negative integer values of <code>Y</code>
    before employing repeated squaring.
</para>
</long>
<examples>
<precode>
>> clifford_signature(1,1)
>> x = clifford(1,2,3,4)
 
x =
 
   1.0000 e0
 + 2.0000 e1 + 3.0000 e2
 + 4.0000 e12
 
>> power(x,2)
 
ans =
 
   12.0000 e0
 + 4.0000 e1 + 6.0000 e2
 + 8.0000 e12
 
>> x.^[0:3]

ans =  1x4 Cl(1,1) multivector row vector
>> show(ans)
 
ans =   e0 * 1     1    12    34
      + e1 * 0     2     4    28
      + e2 * 0     3     6    42
     + e12 * 0     4     8    56

>> x = randm
 
x =
 
   0.1554 e0
 - 0.4396 e1 + 0.5084 e2
 - 0.7239 e12
 
>> power(x,2)
 
ans =
 
   0.4830 e0
 - 0.1366 e1 + 0.1580 e2
 - 0.2249 e12
</precode>
</examples>
<seealso>
<matlabfun name = "power"/>
<cliffun name = "mpower"/>
<cliffun name = "inv"/>
</seealso>
<references>
<reference>
Hitzer, E. and Sangwine, S. J.,
'Multivector and multivector matrix inverses in real Clifford algebras',
<italic>Applied Mathematics and Computation</italic>, <bold>311</bold>,
15 October 2017, 375-389. <doi>10.1016/j.amc.2017.05.027</doi>.
A preprint version is available as:
Technical Report CES-534, School of Computer Science and Electronic Engineering,
University of Essex, 21 July 2016, available at: <www>http://repository.essex.ac.uk/17282/</www>.
</reference>
<reference>
Acus, A. and Dargys, A.,
'The Inverse of a Multivector: Beyond the Threshold p+q=5',
<italic>Advances in Applied Clifford Algebras</italic>, July 2018, 28:65.
<doi>10.1007/s00006-018-0885-4</doi>.
See also: arXiv:1712.05204, 14 December 2017, 16pp,
available at https://arxiv.org/abs/1712.05204.
</reference>
</references>
</function>

<!-- $Id: power.xml 378 2023-08-07 16:20:30Z sangwine $ -->
