<?xml version="1.0" encoding="UTF-8" standalone="no" ?>
<!DOCTYPE function SYSTEM "cliffunction.dtd">
<function name = "principal_reverse" overload = "false">
    <short>Computes the principal reverse of a clifford multivector.</short>
<long>
<para>
<code>principal_reverse(x)</code> computes an involution on <code>x</code>.
    This involution is identical to the <code>reverse</code> in algebras 
    where the vector basis elements square to +1, but it differs when there
    are some vector basis elements squaring to -1 (that is q>0).
</para>
    <para>
        The involution has the property that it is equivalent to the matrix
        transpose of the isomorphic matrix (which is computed by <code>isom</code>
        in this toolbox) in
        all algebras (this observation is due to Abłamowicz and Fauser).
    </para>
</long>
<seealso>
<cliffun name = "conj"/>
<cliffun name = "clifford_conjugate"/>
<cliffun name = "delta_conjugate"/>
<cliffun name = "reverse"/>
<cliffun name = "dual"/>
<cliffun name = "grade_involution"/>
<cliffun name = "even"/>
<cliffun name = "odd"/>
</seealso>
<references>
<reference>
Guy Laville and Ivan Ramadanoff, 'Stone-Weierstrass Theorem',
<bold>arXiv:math/0411090</bold>, November 2004. [p.2, principal involution.]
</reference>
<reference>
R. Abłamowicz, B. Fauser, 'On the transposition anti-involution in real
Clifford algebras II: stabilizer groups of primitive idempotents',
Linear and Multilinear Algebra, 59(12), pp.1359-1381, 2010.
    <doi>10.1080/03081087.2010.517202</doi>
</reference>
</references>
</function>

<!-- $Id: principal_reverse.xml 338 2022-04-29 20:04:49Z sangwine $ -->