<?xml version="1.0" encoding="UTF-8" standalone="no" ?>
<!DOCTYPE function SYSTEM "cliffunction.dtd">
<function name = "prod" overload = "true">
<short>Product of array elements</short>
<syntax>Y = prod(X, dim)</syntax>
<long>
<para>
<code>prod(X, dim)</code> computes the product of the elements of the
multivector array <code>X</code> along dimension <code>dim</code>.
</para>
<para>
The ordering within the product is important, because of the non-commutative
clifford product: the product is computed with the lowest index on the
left and the highest index on the right
(that is, left to right for a row vector, or downwards for a column vector).
</para>
</long>
<examples>
<precode>
>> clifford_signature(0,2)
>> prod([e1, e2, e12])
 
ans = - 1.0000 e0
</precode>
</examples>
<seealso>
<matlabfun name = "prod"/>
<qtfmfun name = "sum"/>
</seealso>
</function>

<!--$Id: prod.xml 270 2021-07-11 19:42:06Z sangwine $-->
