<?xml version="1.0" encoding="UTF-8" standalone="no" ?>
<!DOCTYPE function SYSTEM "cliffunction.dtd">
<function name = "randm" overload = "false">
<short>Make random clifford multivector.</short>
<long>
<para>
<code>randm</code> creates random multivectors in the current algebra. This
    is particularly intended for testing, where in large algebras complete
    multivectors with full arrays in each element require long run times in
    many algorithms to be tested.
</para>
    It accepts parameters similar to the &matlab; functions <code>rand</code>
    and <code>randn</code> to specify the dimensions of the multivector array
    (default 1-by-1), except in the sparse case (see below).
    <para>
        <para>
            In addition, it accepts one or two optional name/value pairs to
            specify that the multivector array is to have some empty components
            and/or be composed of sparse matrices. If both are present the
            order is immaterial.
        </para>
        <para>
            An optional pair of parameters in
            the form <code>'partial', k</code> where k is a numeric value between
            1/m and 1, where m is the number of elements in a multivector of
            the current algebra, specifies that the result is to be a multivector
            with some empty elements (in fact (1 - k) * m empty elements).
        </para>
        <para>
            An optional pair of parameters in the form <code>'sparse', d</code>
            where <code>d</code> is in the range (0,1), specifies that the non-empty
            elements of the multivector are to be sparse matrices. In this case
            the dimensions of the multivector must be specified by two preceding
            parameters <code>m, n</code> as required by the &matlab; <code>sprandn</code>
            function.
        </para>
        <para>
            The non-zero values returned are normalised, and different elements
            of the multivector may have non-zero components at different
            index values (that is each multivector element has an independently
            constructed sparse array). Zero elements are left as zeros. At present
            divisors of zero are not detected and may be returned.
        </para>
    </para>
</long>
<examples>
<precode>
>> clifford_signature(0,3)
>> m = randm(2)

m = 

     2x2 Cl(0,3) multivector matrix
>> m = randm(2,3, 'sparse',0.5)

m = 

     2x3 Cl(0,3) multivector matrix with sparse double components
>> m = randm('partial',0.5)

m = 

 - 1.5305 e0 
 - 0.8237 e3 
 - 1.6874 e13 - 0.3623 e23
>> m = randm(2,2,'partial',1/8,'sparse',0.5)

m = 

     2x2 Cl(0,3) multivector matrix with sparse double components
>> 
</precode>
</examples>
<seealso>
<matlabfun name = "randn"/>
<matlabfun name = "sprandn"/>
</seealso>
<!--<references>
</references>-->
</function>

<!-- $Id: randm.xml 330 2022-04-22 20:56:33Z sangwine $ -->