<?xml version="1.0" encoding="UTF-8" standalone="no" ?>
<!DOCTYPE function SYSTEM "cliffunction.dtd">
<function name = "real" overload = "true">
<short>Real part of a complex multivector</short>
<syntax>Y = real(X)</syntax>
<long>
<para>
<code>real(X)</code> returns the real part of a complex multivector.
</para>
<para>
The concept of the real part of a multivector should not be confused
with the scalar part (returned by the function <code>scalar</code>).
</para>
</long>
<examples>
<precode>
EXAMPLE TO BE INSERTED
</precode>
</examples>
<seealso>
<matlabfun name = "real"/>
<cliffun name = "imag"/>
</seealso>
</function>

<!--$Id: real.xml 270 2021-07-11 19:42:06Z sangwine $-->
