<?xml version="1.0" encoding="UTF-8" standalone="no" ?>
<!DOCTYPE function SYSTEM "cliffunction.dtd">
<function name = "repmat" overload = "true">
<short>Replicate and tile an array.</short> 
<long>
<para>
<code>repmat(x,y,z)</code> repeats array <code>x</code>, in a grid of dimension <code>y</code> by <code>z</code>.
    Other parameter profiles are acceptable, as per the corresponding &matlab; function.
</para>
</long>
<examples>
<precode>
>> clifford_signature(1,1)
>> x = randm(2)
 
x =
 
     2x2 Cl(1,1) multivector array
 
>> show(x)
 
x =
 
e0 *
 
    0.6666    0.2178
   -0.0199   -0.1535

+ e1 *
 
   -0.4914    0.3038
   -0.9733   -0.1211

+ e2 *
 
   -0.0950   -0.6885
    0.1285   -0.3082

+ e12 *
 
    0.5524   -0.6215
    0.1894   -0.9310

>> repmat(x,2,3)
 
ans =
 
     4x6 Cl(1,1) multivector array
 
>> show(ans)
 
ans =
 
e0 *
 
    0.6666    0.2178    0.6666    0.2178    0.6666    0.2178
   -0.0199   -0.1535   -0.0199   -0.1535   -0.0199   -0.1535
    0.6666    0.2178    0.6666    0.2178    0.6666    0.2178
   -0.0199   -0.1535   -0.0199   -0.1535   -0.0199   -0.1535

+ e1 *
 
   -0.4914    0.3038   -0.4914    0.3038   -0.4914    0.3038
   -0.9733   -0.1211   -0.9733   -0.1211   -0.9733   -0.1211
   -0.4914    0.3038   -0.4914    0.3038   -0.4914    0.3038
   -0.9733   -0.1211   -0.9733   -0.1211   -0.9733   -0.1211

+ e2 *
 
   -0.0950   -0.6885   -0.0950   -0.6885   -0.0950   -0.6885
    0.1285   -0.3082    0.1285   -0.3082    0.1285   -0.3082
   -0.0950   -0.6885   -0.0950   -0.6885   -0.0950   -0.6885
    0.1285   -0.3082    0.1285   -0.3082    0.1285   -0.3082

+ e12 *
 
    0.5524   -0.6215    0.5524   -0.6215    0.5524   -0.6215
    0.1894   -0.9310    0.1894   -0.9310    0.1894   -0.9310
    0.5524   -0.6215    0.5524   -0.6215    0.5524   -0.6215
    0.1894   -0.9310    0.1894   -0.9310    0.1894   -0.9310
</precode>
</examples>
<seealso>
<matlabfun name = "repmat"/>
<cliffun name = "horzcat"/>
</seealso>
<!--<references>
</references>-->
</function>

<!-- $Id: repmat.xml 359 2022-10-26 16:56:47Z sangwine $ -->