<?xml version="1.0" encoding="UTF-8" standalone="no" ?>
<!DOCTYPE function SYSTEM "cliffunction.dtd">
<function name = "reverse" overload = "false">
<short>Computes the reverse of a clifford multivector.</short>
<long>
<para>
<code>reverse(x)</code> calculates the reverse of multivector <code>x</code>. "To reverse x|| → −x||
x′ = −x|| + x⊥ = −a−1 a x|| + a−1 a x⊥ = −a−1 x||a − a−1 x⊥a = −a−1(x|| + x⊥)a = −a−1 xa"[1]
</para>
    <para>
        The reverse operates on any basis element to give the basis element
        (and sign) that results from reversing the order of the lexical indices.
        For example the reverse of <code>e134</code> is <code>e431</code>.
        This may be verified using the clifford constructor as shown in the
        second example below.
    </para>
    <para>
        The grade involution, reverse and clifford conjugate form a closed
        set under composition: any two composed give the same result as the
        third.
    </para>
</long>
<examples>
<precode>
>> clifford_signature(1,1)
>> x = clifford(1,2,3,4)
 
x =
 
   1.0000 e0
 + 2.0000 e1 + 3.0000 e2
 + 4.0000 e12
 
>> reverse(x)
 
ans =
 
   1.0000 e0
 + 2.0000 e1 + 3.0000 e2
 - 4.0000 e12
</precode>
Second example, showing the fundamental concept of the reverse:
<precode>
>> clifford_signature(3,1)
>> reverse(e134)
 
ans = - 1.0000 e134
 
>> clifford('e431')
 
ans = - 1.0000 e134
</precode>
</examples>
<seealso>
<cliffun name = "conj"/>
<cliffun name = "grade_involution"/>
<cliffun name = "delta_conjugate"/>
<cliffun name = "dual"/>
<cliffun name = "clifford_conjugate"/>
</seealso>
<references>
<reference>
<bold>Eckhard Hitzer</bold>, <italic>Introduction to Clifford's Geometric Algebra</italic>, 
Journal of the Society of Instrument and Control Engineers, Vol. 51, No. 4, pp. 338-350, April 2012, (April 2012), 
page 3, equation 22 <www>http://arxiv.org/pdf/1306.1660.pdf</www>
</reference>
</references>
</function>

<!-- $Id: reverse.xml 359 2022-10-26 16:56:47Z sangwine $ -->