<?xml version="1.0" encoding="UTF-8" standalone="no" ?>
<!DOCTYPE function SYSTEM "cliffunction.dtd">
<function name = "round" overload = "true">
<short>Round to nearest integer.</short>
<syntax>Y = round(X)</syntax>
<long>
<para>
<code>round(X)</code> returns the multivector resulting from applying the
&matlab; <code>round</code> function to the coefficients of the multivector argument.
</para>
</long>
<seealso>
<matlabfun name = "round"/>
<cliffun name = "fix"/>
</seealso>
</function>

<!--$Id$-->
