<?xml version="1.0" encoding="UTF-8" standalone="no" ?>
<!DOCTYPE function SYSTEM "cliffunction.dtd">
<function name = "sparse" overload = "true">
<short>Convert full matrix to sparse matrix</short>
<syntax>b = sparse(m)</syntax>
<long>
<para>
<code>sparse</code> converts a full matrix to a sparse matrix.
It is one of several &matlab; functions overloaded for multivectors
so that the toolbox can handle multivectors with sparse matrices as
    coefficients.
If the matrix is already a sparse matrix, the function has no effect.
</para>
</long>
<seealso>
<cliffun name = "full"/>
<matlabfun name = "sparse"/>
</seealso>
</function>

<!--$Id: sparse.xml 316 2022-03-04 18:16:42Z sangwine $-->
