<?xml version="1.0" encoding="UTF-8" standalone="no" ?>
<!DOCTYPE function SYSTEM "cliffunction.dtd">
<function name = "sqrt" overload = "true">
<short>Square root</short>
<syntax>Y = sqrt(X)</syntax>
<long>
<para>
<code>sqrt(X)</code> computes the square root of each element of the
multivector array <code>X</code>.
</para>
<para>
Pending a better algorithm the current implementation uses the &matlab;
    <code>sqrtm</code> function on the isomorphic matrix of each element of
    <code>X</code>.
</para>
</long>
<seealso>
<matlabfun name = "sqrt"/>
</seealso>
</function>

<!--$Id: sqrt.xml 270 2021-07-11 19:42:06Z sangwine $-->
