<?xml version="1.0" encoding="UTF-8" standalone="no" ?>
<!DOCTYPE function SYSTEM "cliffunction.dtd">
<function name = "sqrtm" overload = "true">
<short>Matrix square root</short>
<syntax>Y = sqrtm(X)</syntax>
<long>
<para>
<code>sqrtm(X)</code> computes the matrix square root of a multivector matrix.
The algorithm used is based on calling the &matlab; <code>sqrtm</code> function
on an isomorphic matrix, and is therefore not accurate for larger matrices.
The accuracy may be checked by squaring the result using <code>^</code>.
</para>
</long>
<seealso>
<matlabfun name = "sqrtm"/>
<cliffun name = "iso"/>
</seealso>
</function>

<!--$Id: sqrtm.xml 270 2021-07-11 19:42:06Z sangwine $-->
