<?xml version="1.0" encoding="UTF-8" standalone="no" ?>
<!DOCTYPE function SYSTEM "cliffunction.dtd">
<function name = "subsasgn" overload = "true">
<short>Subscripted assignment</short>
<long>
<para>
<code>x = subsasgn(a, ss, b)</code> is an overloading of a &matlab; function that plays
an essential role in subscripted assignment. See the documentation on the
&matlab; function for details, and the source code of the Clifford
implementation.
</para>
</long>
<seealso>
<matlabfun name = "subsasgn"/>
<cliffun name = "subsref"/>
</seealso>
</function>

<!-- $Id: subsasgn.xml 359 2022-10-26 16:56:47Z sangwine $ -->