<?xml version="1.0" encoding="UTF-8" standalone="no" ?>
<!DOCTYPE function SYSTEM "cliffunction.dtd">
<function name = "times" overload = "true">
<short>.*  Array multiply.</short>
<long>
<para>
<code>times(x,y)</code> multiplies array <code>x</code> by array <code>y</code>.
</para>
</long>
<examples>
<precode>
>> clifford_signature(1,1)
>> x = randm(2)
 
x =
 
     2x2 Cl(1,1) multivector array
 
>> show(x)
 
x =
 
e0 *
 
   -0.8144   -0.1089
    0.7588   -0.7271

+ e1 *
 
   -0.3969    0.3330
    0.5539    0.4892

+ e2 *
 
    0.3673    0.4744
   -0.3032   -0.4067

+ e12 *
 
    0.2105   -0.8075
   -0.1596   -0.2583

>> y = randm(2)
 
y =
 
     2x2 Cl(1,1) multivector array
 
>> show(y)
 
y =
 
e0 *
 
   -0.5418   -0.6695
   -0.1661   -0.0548

+ e1 *
 
   -0.4155   -0.5195
    0.4588   -0.5353

+ e2 *
 
    0.7303    0.5293
   -0.2617    0.6956

+ e12 *
 
   -0.0214   -0.0405
   -0.8327    0.4761

>> times(x,y)
 
ans =
 
     2x2 Cl(1,1) multivector array
 
>> show(ans)
 
ans =
 
e0 *
 
    0.3334   -0.3185
    0.1816   -0.0621

+ e1 *
 
    0.3918    0.2419
    0.4669    0.3484

+ e2 *
 
   -0.6979   -0.8083
   -0.5362   -0.3888

+ e12 *
 
   -0.2339    0.9678
   -0.6112   -0.2094
</precode>
</examples>
<seealso>
<matlabfun name = "times"/>
<cliffun name = "mtimes"/>
<cliffun name = "bsxfun"/>
<cliffun name = "rdivide"/>
</seealso>
<!--<references>
</references>-->
</function>

<!-- $Id: times.xml 359 2022-10-26 16:56:47Z sangwine $ -->