<?xml version="1.0" encoding="UTF-8" standalone="no" ?>
<!DOCTYPE function SYSTEM "cliffunction.dtd">
<function name = "Trigonometric functions" overload = "true">
<short>Trigonometric functions</short>
<syntax>Y = sin(X); Y = cos(X); Y = tan(X); Y = asin(X); Y = acos(X); Y = atan(X);</syntax>
<long>
<para>
<code>sin(X)</code> computes the sine of each element of its multivector argument,
and similarly, the cosine and tangent functions, and the three inverse functions
are implemented using the same names as the corresponding &matlab; functions.
</para>
<para>
These functions are implemented using a general technique based on
characteristic polynomials. See the Clifford function <code>funmv</code>
for details.
</para>
</long>
<seealso>
<matlabfun name = "sin"/>
<matlabfun name = "cos"/>
<matlabfun name = "tan"/>
<matlabfun name = "asin"/>
<matlabfun name = "acos"/>
<matlabfun name = "atan"/>
<cliffun   name = "funmv"/>
</seealso>
</function>

<!--$Id$-->
