<?xml version="1.0" encoding="UTF-8" standalone="no" ?>
<!DOCTYPE function SYSTEM "cliffunction.dtd">
<function name = "tril" overload = "true">
<short>Extract upper triangular part.</short>
<long>
<para>
<code>triu(x)</code> extracts the upper triangular part from an array <code>x</code>
</para>
</long>
<examples>
<precode>
>> clifford_signature(1,1)
>> x = randm(4)
 
x =
 
     4x4 Cl(1,1) multivector array
 
>> show(x)
 
x =
 
e0 *
 
    0.3308    0.2183    0.9687    0.4546
    0.6711   -0.5861    0.9264   -0.0797
   -0.5560   -0.2699   -0.8532    0.5594
    0.3924    0.1207    0.9300   -0.1191

+ e1 *
 
   -0.0764    0.4598    0.1323    0.1842
    0.5451   -0.5412    0.3461   -0.9952
    0.3469    0.4465    0.4594    0.6953
    0.6451    0.5745   -0.0930   -0.6664

+ e2 *
 
   -0.6576    0.2227   -0.0277   -0.5420
   -0.2962   -0.3384   -0.0808   -0.0380
   -0.7248    0.8531    0.2017   -0.1290
    0.6547   -0.6031    0.0959    0.3647

+ e12 *
 
    0.6726   -0.8314   -0.2083   -0.6824
    0.4059   -0.4991    0.1242    0.0412
   -0.2126   -0.0043   -0.1426    0.4324
    0.0352    0.5401    0.3424    0.6394

>> y = triu(x)
 
y =
 
     4x4 Cl(1,1) multivector array
 
>> show(y)
 
y =
 
e0 *
 
    0.3308    0.2183    0.9687    0.4546
         0   -0.5861    0.9264   -0.0797
         0         0   -0.8532    0.5594
         0         0         0   -0.1191

+ e1 *
 
   -0.0764    0.4598    0.1323    0.1842
         0   -0.5412    0.3461   -0.9952
         0         0    0.4594    0.6953
         0         0         0   -0.6664

+ e2 *
 
   -0.6576    0.2227   -0.0277   -0.5420
         0   -0.3384   -0.0808   -0.0380
         0         0    0.2017   -0.1290
         0         0         0    0.3647

+ e12 *
 
    0.6726   -0.8314   -0.2083   -0.6824
         0   -0.4991    0.1242    0.0412
         0         0   -0.1426    0.4324
         0         0         0    0.6394
</precode>
</examples>
<seealso>
<matlabfun name = "triu"/>
<cliffun name = "tril"/>
</seealso>
<!--<references>
</references>-->
</function>

<!-- $Id: triu.xml 359 2022-10-26 16:56:47Z sangwine $ -->