<?xml version="1.0" encoding="UTF-8" standalone="no" ?>
<!DOCTYPE function SYSTEM "cliffunction.dtd">
<function name = "wedge" overload = "false">
<short>Wedge or outer product</short>
<long>
<para>
<code>wedge(x,y)</code> computes the wedge or outer product between two multivectors
<code>x</code> and <code>y</code>.
The function takes an arbitrary number of parameters, because the wedge
product is associative.
Thus <code>wedge(x, y, z) == wedge(wedge(x, y), z)</code> as demonstrated
in the second example below.
A mix of Clifford multivectors and Conformal Geometric Algebra (CGA) multivectors
is permitted, but they must have compatible signatures, that is the signature
    of the Clifford multivector must be compatible with the signature of the
    conformal multivector.
</para>
    <para>
        Implementation note: there are two function files, one for Clifford
        and one for conformal multivectors. This is in order to implement
        the semantics of mixed products correctly. The conformal function is
        called only when a conformal multivector is present in the parameter
        list.
    </para>
</long>
<examples>
<precode>
>> clifford_signature(1,1)
>> x = clifford(1,2,3,4)
 
x =
 
   1.0000 e0
 + 2.0000 e1 + 3.0000 e2
 + 4.0000 e12
 
>> y = clifford(5,6,7,8)
 
y =
 
   5.0000 e0
 + 6.0000 e1 + 7.0000 e2
 + 8.0000 e12
 
>> wedge(x,y)
 
ans =
 
   5.0000 e0
 + 16.0000 e1 + 22.0000 e2
 + 24.0000 e12

Second example:
 
>> clifford_signature(2,1)
>> x = randm; y = randm; z = randm;
>> wedge(x, y, z) == wedge(wedge(x, y), z)

ans =

  logical

   1
 
</precode>
</examples>
<seealso>
</seealso>
<!--<references>
</references>-->
</function>

<!-- $Id: wedge.xml 359 2022-10-26 16:56:47Z sangwine $ -->