<?xml version='1.0' encoding='ISO-8859-1' ?>

<toc version="1.0">

<tocitem target="clif.html">Clifford Multivector Toolbox

<tocitem target="overview.html">Overview - Clifford algebra</tocitem>

<tocitem target="conformal_overview.html">Overview - CGA</tocitem>

<tocitem target="alphabetical.html">Functions - Alphabetical List</tocitem>

<tocitem target="categorical.html">Functions - Categorized List</tocitem>

<tocitem target="matlist.html">Matlab functions known to work with Clifford multivectors</tocitem>

</tocitem>
</toc>

<!--$Id: helptoc.xml 361 2022-10-26 21:20:26Z sangwine $-->
